{
    "-0.040": {
        "dispersion": [
            0.13627647687522565,
            0.1506596507830678
        ],
        "frequency": [
            637.0910311165345,
            2872.587494064262
        ],
        "mi": [
            -1.071314768180822,
            0.5827128709496056
        ]
    },
    "-0.080": {
        "dispersion": [
            0.13380162825687977,
            0.15047292905635454
        ],
        "frequency": [
            685.2043025676613,
            3856.7497762415746
        ],
        "mi": [
            -1.1013485558990754,
            0.6150731690595237
        ]
    },
    "-0.120": {
        "dispersion": [
            0.1733663531487222,
            0.1742118242785107
        ],
        "frequency": [
            460.1085575798095,
            4236.901518663774
        ],
        "mi": [
            -1.1077527657160884,
            0.7410383689527397
        ]
    },
    "-0.160": {
        "dispersion": [
            0.16066951637321916,
            0.16802062426307693
        ],
        "frequency": [
            552.7922005571031,
            3701.2803348408197
        ],
        "mi": [
            -1.1142042277033628,
            0.6848138208632901
        ]
    },
    "-0.200": {
        "dispersion": [
            0.15881097758895293,
            0.1660224452318834
        ],
        "frequency": [
            484.5564387917329,
            2836.629443280172
        ],
        "mi": [
            -1.1199321920933447,
            0.6642305686441967
        ]
    },
    "-0.240": {
        "dispersion": [
            0.1615772831924868,
            0.17357506123828376
        ],
        "frequency": [
            467.0944112859468,
            2649.7465220935674
        ],
        "mi": [
            -1.1117015306036946,
            0.6629501322404446
        ]
    },
    "-0.280": {
        "dispersion": [
            0.16497656459065774,
            0.17604969897613773
        ],
        "frequency": [
            287.38243243243244,
            900.6589215316884
        ],
        "mi": [
            -1.1096915964550653,
            0.6468307382725935
        ]
    },
    "-0.320": {
        "dispersion": [
            0.17153628982317204,
            0.18168708251493
        ],
        "frequency": [
            290.86976744186046,
            880.0910665181543
        ],
        "mi": [
            -1.1098297264852837,
            0.6399473353945653
        ]
    },
    "-0.360": {
        "dispersion": [
            0.15712735404921496,
            0.16689866032651135
        ],
        "frequency": [
            174.7290322580645,
            389.41569644917877
        ],
        "mi": [
            -1.1022916628345418,
            0.7876373727179125
        ]
    },
    "-0.400": {
        "dispersion": [
            0.15728518928446383,
            0.15192421439206777
        ],
        "frequency": [
            424.41121495327104,
            1386.3319177031342
        ],
        "mi": [
            -1.055658685340413,
            0.41316250719715897
        ]
    },
    "-0.440": {
        "dispersion": [
            0.15593228529186912,
            0.16807281347801706
        ],
        "frequency": [
            152.24590163934425,
            404.7363301081742
        ],
        "mi": [
            -1.037405216696203,
            0.5385118131492035
        ]
    },
    "-0.480": {
        "dispersion": [
            0.1970039517735857,
            0.21468611576630744
        ],
        "frequency": [
            601.0555555555555,
            1621.8243319115195
        ],
        "mi": [
            -1.2760000846176587,
            0.9331090332610154
        ]
    },
    "-0.520": {
        "dispersion": [
            0.1361494646356676,
            0.1252113327620949
        ],
        "frequency": [
            327.35714285714283,
            555.5857407332574
        ],
        "mi": [
            -1.070072589793832,
            0.24302788244997423
        ]
    },
    "-0.560": {
        "dispersion": [
            0.21955200333372168,
            0.27083177997021535
        ],
        "frequency": [
            48.5,
            34.3644680835695
        ],
        "mi": [
            -0.9687077103215357,
            0.16437822369055127
        ]
    },
    "-0.600": {
        "dispersion": [
            0.14636123881231122,
            0.15057927795618847
        ],
        "frequency": [
            556.4676982591876,
            4334.194992643547
        ],
        "mi": [
            -1.0978757643802655,
            0.6521906014867069
        ]
    },
    "-0.640": {
        "dispersion": [
            0.054337899543379004,
            0.0
        ],
        "frequency": [
            204.0,
            0.0
        ],
        "mi": [
            -0.9151072242747602,
            0.0
        ]
    },
    "-0.680": {
        "dispersion": [
            0.21083477312294358,
            0.18856024500792024
        ],
        "frequency": [
            220.04929256047467,
            1230.7145154234347
        ],
        "mi": [
            -1.16955232553131,
            0.89503849443526
        ]
    },
    "-0.720": {
        "dispersion": [
            0.11646258969675241,
            0.05022824656411175
        ],
        "frequency": [
            21.625,
            15.02445922487728
        ],
        "mi": [
            -0.9368840281632607,
            0.2081118445192642
        ]
    },
    "-0.760": {
        "dispersion": [
            0.04172819471370704,
            0.011242276616934666
        ],
        "frequency": [
            179.5,
            181.86785495701724
        ],
        "mi": [
            -1.112744794669032,
            0.10508822782240769
        ]
    },
    "-0.800": {
        "dispersion": [
            0.09287784417787341,
            0.0658201654748141
        ],
        "frequency": [
            49.875,
            70.35879031791266
        ],
        "mi": [
            -0.8814765495945368,
            0.27654766889503984
        ]
    },
    "-0.840": {
        "dispersion": [
            0.06277048607566567,
            0.040490348292346046
        ],
        "frequency": [
            87.5,
            164.46554857071638
        ],
        "mi": [
            -1.1248547463144412,
            0.169418478153021
        ]
    },
    "-0.880": {
        "dispersion": [
            0.07296281262542005,
            0.04447200257745331
        ],
        "frequency": [
            122.875,
            143.63011305085016
        ],
        "mi": [
            -1.0205387235092114,
            0.21262704418418865
        ]
    },
    "-0.920": {
        "dispersion": [
            0.2333333333333333,
            0.0
        ],
        "frequency": [
            23.0,
            0.0
        ],
        "mi": [
            -2.106948393026679,
            0.0
        ]
    },
    "-0.960": {
        "dispersion": [
            0.06221304110622047,
            0.03206919594917905
        ],
        "frequency": [
            327.0,
            380.47952200698876
        ],
        "mi": [
            -1.098134428047002,
            0.05768198464403366
        ]
    },
    "-1.000": {
        "dispersion": [
            0.05543320404512689,
            0.014472752067725771
        ],
        "frequency": [
            196.0,
            150.0
        ],
        "mi": [
            -1.1165298674901263,
            0.013505334224543364
        ]
    },
    "0.000": {
        "dispersion": [
            0.1025119695598903,
            0.12641232174826567
        ],